{
  "name": {
    "display_name": "name",
    "description": "Please enter your name",
    "type": "text",
    "required": true
  },
  "api_key": {
    "display_name": "api_key",
    "description": "Please enter your api_key",
    "type": "api_key",
    "required": true,
    "type_attributes": {
      "product": "name of the product"
    },
    "secure": true
  },
  "api_url": {
    "display_name": "api_url",
    "description": "Please enter your url",
    "type": "url",
    "required": true,
    "secure": true
  }
}