{"coverage":{},"coverageSummary":{"lines":{"total":0,"covered":0,"skipped":0,"pct":100},"statements":{"total":0,"covered":0,"skipped":0,"pct":100},"functions":{"total":0,"covered":0,"skipped":0,"pct":100},"branches":{"total":0,"covered":0,"skipped":0,"pct":100}},"lints":[{"severity":1,"value":"app\\scripts\\app.js::4: 'client' declared and assigned in different scopes. Possible asynchronous race condition."},{"severity":1,"value":"app\\scripts\\app.js::34: 'text' declared and assigned in different scopes. Possible asynchronous race condition."}]}